{
  "scalar_mean": [
    253.9512176513672,
    215.69100952148438,
    12.713678359985352,
    19.327077865600586,
    17.85354995727539
  ],
  "scalar_std": [
    222.1881561279297,
    163.47052001953125,
    13.439708709716797,
    22.988136291503906,
    20.194869995117188
  ],
  "depth_mean": 799.3124720025834,
  "depth_std": 17.01046233628887,
  "mass_log1p_mean": 2.2045984268188477,
  "mass_log1p_std": 1.6231690645217896
}