{"calories_MAE": 60.058677075098814, "calories_MAE_%": 23.464006431003764, "mass_MAE": 37.65420355731225, "mass_MAE_%": 18.933556259999403, "fat_MAE": 4.375803359683794, "fat_MAE_%": 34.03734309013833, "carb_MAE": 6.510773320158103, "carb_MAE_%": 33.0158728472546, "protein_MAE": 6.053015415019763, "protein_MAE_%": 34.563303983887145}